scenario,scenario_label,estimand,estimand_label,estimator,procedure_label,n_attempts,n_returned,n_stable,n_unstable,n_failure,mean_target,bias,bias_mcse,rmse,stable_bias,stable_bias_mcse,stable_rmse
akm_dgp,AKM,q_f,$Q_F$,kss_he,KSS-HE,100,100,100,0,0,1.0,0.003231961864527699,0.0048631902540175196,0.04849594728143877,0.003231961864527699,0.0048631902540175196,0.04849594728143877
akm_dgp,AKM,q_f,$Q_F$,blm_estimated,BLM,100,67,43,24,33,1.0,0.39047254854798524,0.04537337787546066,0.5369784696599067,0.387479806038854,0.054401787971726234,0.523872017326537
akm_dgp,AKM,q_f,$Q_F$,project_plugin_bic,Project plug-in,100,100,100,0,0,1.0,-0.010895384109063789,0.004936516800981073,0.050311628967809344,-0.010895384109063789,0.004936516800981073,0.050311628967809344
akm_dgp,AKM,h_f,$H_F$,blm_estimated,BLM,100,67,43,24,33,2.3198549797652255e-31,0.01145316399237725,0.0027938531890636152,0.025423327827233562,0.013519964064441956,0.004234984640646793,0.030595153445887476
akm_dgp,AKM,h_f,$H_F$,project_plugin_bic,Project plug-in,100,100,100,0,0,2.340318393557327e-31,3.8088283376713e-31,5.401594490672393e-32,6.587307804945328e-31,3.8088283376713e-31,5.401594490672393e-32,6.587307804945328e-31
akm_dgp,AKM,rho_h,$\rho_H$,blm_estimated,BLM,100,67,43,24,33,1.1599274898826125e-31,0.00409000686338613,0.0008304855817437853,0.007889789099875252,0.004813543462298495,0.0012465049204150374,0.009403655159640336
akm_dgp,AKM,rho_h,$\rho_H$,project_plugin_bic,Project plug-in,100,100,100,0,0,1.1701591967786634e-31,1.9352027883761066e-31,2.698322180084392e-32,3.3095532921829026e-31,1.9352027883761066e-31,2.698322180084392e-32,3.3095532921829026e-31
akm_dgp,AKM,c_assign,$C_{\mathrm{assign}}$,kss_he,KSS-HE,100,100,100,0,0,0.41328844142345345,-0.00014339191558333298,0.0031602263322358082,0.031444181939846313,-0.00014339191558333298,0.0031602263322358082,0.031444181939846313
akm_dgp,AKM,c_assign,$C_{\mathrm{assign}}$,blm_estimated,BLM,100,67,43,24,33,0.4131100167034208,-0.12317861748587176,0.005710024880276781,0.13162393839470762,-0.12790793083335547,0.00788507246112953,0.13773802022025547
akm_dgp,AKM,c_assign,$C_{\mathrm{assign}}$,bs20,BS20,100,100,100,0,0,0.41328844142345345,0.14546853826772838,0.009320727817409644,0.17251613363197865,0.14546853826772838,0.009320727817409644,0.17251613363197865
akm_dgp,AKM,c_assign,$C_{\mathrm{assign}}$,project_plugin_bic,Project plug-in,100,100,100,0,0,0.41328844142345345,-0.027178522532584112,0.003397747733067457,0.04337737155652843,-0.027178522532584112,0.003397747733067457,0.04337737155652843
crippa_tukey_dgp,Crippa/Tukey,q_f,$Q_F$,kss_he,KSS-HE,100,100,100,0,0,1.5624999999838263,-0.4082717864460777,0.033078079838679754,0.5244116978324043,-0.4082717864460777,0.033078079838679754,0.5244116978324043
crippa_tukey_dgp,Crippa/Tukey,q_f,$Q_F$,blm_estimated,BLM,100,79,57,22,21,1.5624999999858091,0.26926182422828077,0.05622655014253531,0.5648832404836973,0.3225530528759833,0.0682582318401843,0.6041149724189299
crippa_tukey_dgp,Crippa/Tukey,q_f,$Q_F$,project_plugin_bic,Project plug-in,100,100,100,0,0,1.5624999999838263,-0.5211081030299509,0.022609129390246386,0.5675911869384331,-0.5211081030299509,0.022609129390246386,0.5675911869384331
crippa_tukey_dgp,Crippa/Tukey,h_f,$H_F$,blm_estimated,BLM,100,79,57,22,21,1.1249999999898914,-0.7033526938037684,0.023098402640017193,0.7323392901064404,-0.696720154389839,0.026839840144715424,0.7250931571851016
crippa_tukey_dgp,Crippa/Tukey,h_f,$H_F$,project_plugin_bic,Project plug-in,100,100,100,0,0,1.1249999999897595,-1.1249999999897595,1.1556251316284832e-12,1.12499999998976,-1.1249999999897595,1.1556251316284832e-12,1.12499999998976
crippa_tukey_dgp,Crippa/Tukey,rho_h,$\rho_H$,blm_estimated,BLM,100,79,57,22,21,0.36000000000003485,-0.24688909382253826,0.004416495428695932,0.24995129192405888,-0.24692251192894119,0.005158650060684754,0.24992194870082912
crippa_tukey_dgp,Crippa/Tukey,rho_h,$\rho_H$,project_plugin_bic,Project plug-in,100,100,100,0,0,0.3600000000004495,-0.3600000000004495,2.253303743052377e-12,0.3600000000004495,-0.3600000000004495,2.253303743052377e-12,0.3600000000004495
crippa_tukey_dgp,Crippa/Tukey,c_assign,$C_{\mathrm{assign}}$,kss_he,KSS-HE,100,100,100,0,0,0.6016284002261622,-0.009560137095916039,0.017254100738608148,0.17194211659392386,-0.009560137095916039,0.017254100738608148,0.17194211659392386
crippa_tukey_dgp,Crippa/Tukey,c_assign,$C_{\mathrm{assign}}$,blm_estimated,BLM,100,79,57,22,21,0.595587406169908,-0.1845767177600026,0.02877673887172398,0.31410256182684043,-0.21764453245342458,0.03656248388377343,0.3496152102825856
crippa_tukey_dgp,Crippa/Tukey,c_assign,$C_{\mathrm{assign}}$,bs20,BS20,100,100,100,0,0,0.6016284002261622,0.3385948018092595,0.02587017339952712,0.4253278278136645,0.3385948018092595,0.02587017339952712,0.4253278278136645
crippa_tukey_dgp,Crippa/Tukey,c_assign,$C_{\mathrm{assign}}$,project_plugin_bic,Project plug-in,100,100,100,0,0,0.6016284002261622,-0.14732142030381648,0.025407979779544225,0.29259969086044646,-0.14732142030381648,0.025407979779544225,0.29259969086044646
blm_grouped_dgp,BLM types,q_f,$Q_F$,kss_he,KSS-HE,100,100,100,0,0,1.999999999981284,-0.7355580615490435,0.07773479707223187,1.0673672427145364,-0.7355580615490435,0.07773479707223187,1.0673672427145364
blm_grouped_dgp,BLM types,q_f,$Q_F$,blm_estimated,BLM,100,81,46,35,19,1.999999999992412,-0.0050253830252626865,0.005638751394527881,0.050684276237249436,-0.005520144411153421,0.007369266755900915,0.04974179487818243
blm_grouped_dgp,BLM types,q_f,$Q_F$,project_plugin_bic,Project plug-in,100,100,6,94,0,1.999999999981284,241690.26059549488,121653.2589296955,1234328.241384785,0.8099181414770303,0.2122166938882025,0.9386943175058654
blm_grouped_dgp,BLM types,h_f,$H_F$,blm_estimated,BLM,100,81,46,35,19,1.9999999999999993,-0.00041266587426471135,0.0078982826187087,0.0706455926376406,-0.002786643719765288,0.011146141289540116,0.0748224988710515
blm_grouped_dgp,BLM types,h_f,$H_F$,project_plugin_bic,Project plug-in,100,100,6,94,0,1.9999999999999993,481782.66734918917,242602.87651598043,2461478.0015769135,0.3872235490107669,0.8591102015191565,1.9596667493938658
blm_grouped_dgp,BLM types,rho_h,$\rho_H$,blm_estimated,BLM,100,81,46,35,19,0.5000000000018969,0.0011667230521383415,0.0014268200445788743,0.012815087898619966,0.0006876447377887799,0.002102818983899436,0.014122889252648064
blm_grouped_dgp,BLM types,rho_h,$\rho_H$,project_plugin_bic,Project plug-in,100,100,6,94,0,0.5000000000046787,0.4279217681040562,0.016892636154335807,0.45974753298450255,-0.07869119074247077,0.13496856441230523,0.31188919570588014
blm_grouped_dgp,BLM types,c_assign,$C_{\mathrm{assign}}$,kss_he,KSS-HE,100,100,100,0,0,0.37605849493884613,0.012775995053897607,0.01897713492729635,0.18925184121812264,0.012775995053897607,0.01897713492729635,0.18925184121812264
blm_grouped_dgp,BLM types,c_assign,$C_{\mathrm{assign}}$,blm_estimated,BLM,100,81,46,35,19,0.3816401242430998,0.002331970230963936,0.0011608539036643036,0.01064164592581026,0.0025461505406348516,0.0016087419341078953,0.011088063854913973
blm_grouped_dgp,BLM types,c_assign,$C_{\mathrm{assign}}$,bs20,BS20,100,100,100,0,0,0.37605849493884613,0.4080914104452659,0.039401846351871356,0.565894551464244,0.4080914104452659,0.039401846351871356,0.565894551464244
blm_grouped_dgp,BLM types,c_assign,$C_{\mathrm{assign}}$,project_plugin_bic,Project plug-in,100,100,6,94,0,0.37605849493884613,-183518.37847819907,87838.22559429129,893039.0970831427,-0.4638691299139895,0.13309071348365856,0.5511263555348338
low_rank_factor_dgp,Low-rank factors,q_f,$Q_F$,kss_he,KSS-HE,100,100,100,0,0,2.2500000000019638,-1.1302273580697975,0.021148305844661677,1.1496485176345288,-1.1302273580697975,0.021148305844661677,1.1496485176345288
low_rank_factor_dgp,Low-rank factors,q_f,$Q_F$,blm_estimated,BLM,100,70,46,24,30,2.250000000002082,-0.5759105879982472,0.057883043098988785,0.7502358470361469,-0.5757193189226519,0.07620818870228445,0.7699342149291047
low_rank_factor_dgp,Low-rank factors,q_f,$Q_F$,project_plugin_bic,Project plug-in,100,100,78,22,0,2.2500000000019638,247.4372034880787,192.84914595107364,1934.7128174439206,0.5350926562751906,0.5264080048879759,4.650100966299589
low_rank_factor_dgp,Low-rank factors,h_f,$H_F$,blm_estimated,BLM,100,70,46,24,30,2.4999999999970295,-2.42830097002955,0.014969201660270598,2.431482451907132,-2.4297446099964892,0.019768194717847264,2.4333606469890796
low_rank_factor_dgp,Low-rank factors,h_f,$H_F$,project_plugin_bic,Project plug-in,100,100,78,22,0,2.4999999999967266,492.5246340817263,383.69743941303864,3849.3803775903284,1.1126437232862478,1.0597122056051198,9.365265766411559
low_rank_factor_dgp,Low-rank factors,rho_h,$\rho_H$,blm_estimated,BLM,100,70,46,24,30,0.5555555555543815,-0.5366965939544893,0.002911316178631446,0.537241157705639,-0.5370501189620939,0.003582829204387298,0.537587648860212
low_rank_factor_dgp,Low-rank factors,rho_h,$\rho_H$,project_plugin_bic,Project plug-in,100,100,78,22,0,0.5555555555543433,0.06319235459425367,0.014515979526352623,0.15765128029453251,0.012241901949706865,0.007746727953165277,0.06907077746654777
low_rank_factor_dgp,Low-rank factors,c_assign,$C_{\mathrm{assign}}$,kss_he,KSS-HE,100,100,100,0,0,0.45829315058749015,-0.015938510757488228,0.011904886677532998,0.11951963219007969,-0.015938510757488228,0.011904886677532998,0.11951963219007969
low_rank_factor_dgp,Low-rank factors,c_assign,$C_{\mathrm{assign}}$,blm_estimated,BLM,100,70,46,24,30,0.4690149963652258,-0.10617724588136991,0.0182395489134519,0.18500974708923043,-0.0896827820341664,0.02185413914720797,0.17185794801910256
low_rank_factor_dgp,Low-rank factors,c_assign,$C_{\mathrm{assign}}$,bs20,BS20,100,100,100,0,0,0.45829315058749015,0.12063825955488855,0.014722422247783296,0.18976778345070347,0.12063825955488855,0.014722422247783296,0.18976778345070347
low_rank_factor_dgp,Low-rank factors,c_assign,$C_{\mathrm{assign}}$,project_plugin_bic,Project plug-in,100,100,78,22,0,0.45829315058749015,-178.9151786752346,135.91294497558363,1364.1008664105666,-0.6466950270606829,0.40683419270513566,3.628056932475847
gklp_perfect_information_dgp,GKLP,q_f,$Q_F$,kss_he,KSS-HE,100,100,100,0,0,2.0339958706285794,-0.7288576613535274,0.026079279444944935,0.7736706297476457,-0.7288576613535274,0.026079279444944935,0.7736706297476457
gklp_perfect_information_dgp,GKLP,q_f,$Q_F$,blm_estimated,BLM,100,82,50,32,18,2.035170320924356,-0.24602098595205676,0.06341731042321269,0.6215211192672907,-0.24614024130697548,0.09300447508901634,0.6960077624087577
gklp_perfect_information_dgp,GKLP,q_f,$Q_F$,project_plugin_bic,Project plug-in,100,100,94,6,0,2.0339958706285794,68.82087598565403,54.16020379254148,543.263980751113,0.004915621429384323,0.013506359451446659,0.13034333768084774
gklp_perfect_information_dgp,GKLP,h_f,$H_F$,blm_estimated,BLM,100,82,50,32,18,1.9999999999933544,-1.9192429156899804,0.018978960589777247,1.9268289093681126,-1.9125335207343523,0.028930683731749094,1.9232255994892216
gklp_perfect_information_dgp,GKLP,h_f,$H_F$,project_plugin_bic,Project plug-in,100,100,94,6,0,1.9999999999933022,127.89932576263753,104.96811937507296,1052.221716160313,0.09019768221162676,0.022812334135908725,0.23776682406947744
gklp_perfect_information_dgp,GKLP,rho_h,$\rho_H$,blm_estimated,BLM,100,82,50,32,18,0.49228862784237487,-0.4719245130635424,0.004150343180406569,0.47340046394145885,-0.47004210800858337,0.005561615746728692,0.4716515983405034
gklp_perfect_information_dgp,GKLP,rho_h,$\rho_H$,project_plugin_bic,Project plug-in,100,100,94,6,0,0.4925558528719143,0.03373129176864656,0.007352768514153741,0.08056089201238958,0.01983173151722548,0.0033815230349664794,0.03816706030492974
gklp_perfect_information_dgp,GKLP,c_assign,$C_{\mathrm{assign}}$,kss_he,KSS-HE,100,100,100,0,0,0.5628569740771879,-0.08193259209616797,0.013532150614893915,0.1576126282178882,-0.08193259209616797,0.013532150614893915,0.1576126282178882
gklp_perfect_information_dgp,GKLP,c_assign,$C_{\mathrm{assign}}$,blm_estimated,BLM,100,82,50,32,18,0.5655561608854202,-0.1919910920578039,0.028640567605756406,0.3214085104111593,-0.19999700871698964,0.03430873449100478,0.3125318821369788
gklp_perfect_information_dgp,GKLP,c_assign,$C_{\mathrm{assign}}$,bs20,BS20,100,100,100,0,0,0.5628569740771879,0.06318774135263826,0.02082549990133897,0.21663133158704026,0.06318774135263826,0.02082549990133897,0.21663133158704026
gklp_perfect_information_dgp,GKLP,c_assign,$C_{\mathrm{assign}}$,project_plugin_bic,Project plug-in,100,100,94,6,0,0.5628569740771879,-46.01577298893094,37.73276055248624,378.2457032617605,-0.16950984629026827,0.014369520172253378,0.21894409610118393
